<?xml version="1.0" encoding="UTF-8"?>
<project-private xmlns="http://www.netbeans.org/ns/project-private/1">
    <editor-bookmarks xmlns="http://www.netbeans.org/ns/editor-bookmarks/1"/>
    <editor-bookmarks xmlns="http://www.netbeans.org/ns/editor-bookmarks/2" lastBookmarkId="0"/>
    <open-files xmlns="http://www.netbeans.org/ns/projectui-open-files/2">
        <group>
            <file>file:/G:/RealTimeChat/src/chatapplication/NewMain.java</file>
            <file>file:/G:/RealTimeChat/src/chatapplication/ClientSide.java</file>
            <file>file:/G:/RealTimeChat/src/NewEmpty_1.java</file>
            <file>file:/G:/RealTimeChat/src/NewJFrame.java</file>
            <file>file:/G:/RealTimeChat/src/chatapplication/ClientSide2.java</file>
            <file>file:/G:/RealTimeChat/src/NewEmpty.java</file>
        </group>
    </open-files>
</project-private>
